entity_type	entity	site	protein	time	value	series_type	source	interpolation_method
phosphosite	EGFR_Y1068	EGFR_Y1068	EGFR	1.0	0.6766579282261311	observed	sample_data	piecewise_constant
phosphosite	EGFR_Y1068	EGFR_Y1068	EGFR	1.0	0.6766579282261311	simulated	sample_data	piecewise_constant
phosphosite	EGFR_Y1068	EGFR_Y1068	EGFR	2.0	1.0	observed	sample_data	piecewise_constant
phosphosite	EGFR_Y1068	EGFR_Y1068	EGFR	2.0	0.6716877852189115	simulated	sample_data	piecewise_constant
phosphosite	EGFR_Y1068	EGFR_Y1068	EGFR	3.0	0.9868758209229913	observed	sample_data	piecewise_constant
phosphosite	EGFR_Y1068	EGFR_Y1068	EGFR	3.0	0.6669220424772823	simulated	sample_data	piecewise_constant
phosphosite	EGFR_Y1068	EGFR_Y1068	EGFR	4.0	0.9970571772828866	observed	sample_data	piecewise_constant
phosphosite	EGFR_Y1068	EGFR_Y1068	EGFR	4.0	0.6623476876319436	simulated	sample_data	piecewise_constant
phosphosite	EGFR_Y1068	EGFR_Y1068	EGFR	5.0	0.701960070102333	observed	sample_data	piecewise_constant
phosphosite	EGFR_Y1068	EGFR_Y1068	EGFR	5.0	0.6579578193084386	simulated	sample_data	piecewise_constant
phosphosite	EGFR_Y1068	EGFR_Y1068	EGFR	6.0	0.6113321921781425	observed	sample_data	piecewise_constant
phosphosite	EGFR_Y1068	EGFR_Y1068	EGFR	6.0	0.6537479772985934	simulated	sample_data	piecewise_constant
phosphosite	EGFR_Y1068	EGFR_Y1068	EGFR	7.0	0.7290645514274442	observed	sample_data	piecewise_constant
phosphosite	EGFR_Y1068	EGFR_Y1068	EGFR	7.0	0.6497153092962966	simulated	sample_data	piecewise_constant
phosphosite	EGFR_Y1068	EGFR_Y1068	EGFR	8.0	0.6757111153052245	observed	sample_data	piecewise_constant
phosphosite	EGFR_Y1068	EGFR_Y1068	EGFR	8.0	0.645858590819255	simulated	sample_data	piecewise_constant
phosphosite	EGFR_Y1068	EGFR_Y1068	EGFR	9.0	0.5133391729472869	observed	sample_data	piecewise_constant
phosphosite	EGFR_Y1068	EGFR_Y1068	EGFR	9.0	0.6421775720717456	simulated	sample_data	piecewise_constant
phosphosite	EGFR_Y1068	EGFR_Y1068	EGFR	10.0	0.29367663620692175	observed	sample_data	piecewise_constant
phosphosite	EGFR_Y1068	EGFR_Y1068	EGFR	10.0	0.63867178856863	simulated	sample_data	piecewise_constant
phosphosite	EGFR_Y1068	EGFR_Y1068	EGFR	11.0	0.11532173669224995	observed	sample_data	piecewise_constant
phosphosite	EGFR_Y1068	EGFR_Y1068	EGFR	11.0	0.6353402373873902	simulated	sample_data	piecewise_constant
phosphosite	EGFR_Y1068	EGFR_Y1068	EGFR	12.0	0.0	observed	sample_data	piecewise_constant
phosphosite	EGFR_Y1068	EGFR_Y1068	EGFR	12.0	0.6321821376368509	simulated	sample_data	piecewise_constant
phosphosite	EGFR_Y1068	EGFR_Y1068	EGFR	13.0	0.3769778563038084	observed	sample_data	piecewise_constant
phosphosite	EGFR_Y1068	EGFR_Y1068	EGFR	13.0	0.6291974290691849	simulated	sample_data	piecewise_constant
phosphosite	EGFR_Y1068	EGFR_Y1068	EGFR	14.0	0.9335327663905527	observed	sample_data	piecewise_constant
phosphosite	EGFR_Y1068	EGFR_Y1068	EGFR	14.0	0.6263880599743867	simulated	sample_data	piecewise_constant
phosphosite	EGFR_S1173	EGFR_S1173	EGFR	1.0	0.8338498749334174	observed	sample_data	piecewise_constant
phosphosite	EGFR_S1173	EGFR_S1173	EGFR	1.0	0.8338498749334174	simulated	sample_data	piecewise_constant
phosphosite	EGFR_S1173	EGFR_S1173	EGFR	2.0	1.0	observed	sample_data	piecewise_constant
phosphosite	EGFR_S1173	EGFR_S1173	EGFR	2.0	0.8223340404695756	simulated	sample_data	piecewise_constant
phosphosite	EGFR_S1173	EGFR_S1173	EGFR	3.0	0.9712634014998053	observed	sample_data	piecewise_constant
phosphosite	EGFR_S1173	EGFR_S1173	EGFR	3.0	0.8115369073416089	simulated	sample_data	piecewise_constant
phosphosite	EGFR_S1173	EGFR_S1173	EGFR	4.0	0.9391517123631594	observed	sample_data	piecewise_constant
phosphosite	EGFR_S1173	EGFR_S1173	EGFR	4.0	0.801416695957026	simulated	sample_data	piecewise_constant
phosphosite	EGFR_S1173	EGFR_S1173	EGFR	5.0	0.7264367562623117	observed	sample_data	piecewise_constant
phosphosite	EGFR_S1173	EGFR_S1173	EGFR	5.0	0.7919470603991982	simulated	sample_data	piecewise_constant
phosphosite	EGFR_S1173	EGFR_S1173	EGFR	6.0	0.5507926673408289	observed	sample_data	piecewise_constant
phosphosite	EGFR_S1173	EGFR_S1173	EGFR	6.0	0.7831082931020733	simulated	sample_data	piecewise_constant
phosphosite	EGFR_S1173	EGFR_S1173	EGFR	7.0	0.8247062599014778	observed	sample_data	piecewise_constant
phosphosite	EGFR_S1173	EGFR_S1173	EGFR	7.0	0.7748867298659049	simulated	sample_data	piecewise_constant
phosphosite	EGFR_S1173	EGFR_S1173	EGFR	8.0	0.8079753733401411	observed	sample_data	piecewise_constant
phosphosite	EGFR_S1173	EGFR_S1173	EGFR	8.0	0.7672744412118401	simulated	sample_data	piecewise_constant
phosphosite	EGFR_S1173	EGFR_S1173	EGFR	9.0	0.6175477215773132	observed	sample_data	piecewise_constant
phosphosite	EGFR_S1173	EGFR_S1173	EGFR	9.0	0.7602666403911709	simulated	sample_data	piecewise_constant
phosphosite	EGFR_S1173	EGFR_S1173	EGFR	10.0	0.384471484700093	observed	sample_data	piecewise_constant
phosphosite	EGFR_S1173	EGFR_S1173	EGFR	10.0	0.7538576183992076	simulated	sample_data	piecewise_constant
phosphosite	EGFR_S1173	EGFR_S1173	EGFR	11.0	0.14912564733734593	observed	sample_data	piecewise_constant
phosphosite	EGFR_S1173	EGFR_S1173	EGFR	11.0	0.7480397056271525	simulated	sample_data	piecewise_constant
phosphosite	EGFR_S1173	EGFR_S1173	EGFR	12.0	0.0	observed	sample_data	piecewise_constant
phosphosite	EGFR_S1173	EGFR_S1173	EGFR	12.0	0.7428061092311936	simulated	sample_data	piecewise_constant
phosphosite	EGFR_S1173	EGFR_S1173	EGFR	13.0	0.3861720368376996	observed	sample_data	piecewise_constant
phosphosite	EGFR_S1173	EGFR_S1173	EGFR	13.0	0.738152801603328	simulated	sample_data	piecewise_constant
phosphosite	EGFR_S1173	EGFR_S1173	EGFR	14.0	0.9370012316707257	observed	sample_data	piecewise_constant
phosphosite	EGFR_S1173	EGFR_S1173	EGFR	14.0	0.7340826968534174	simulated	sample_data	piecewise_constant
phosphosite	EGFR_T992	EGFR_T992	EGFR	1.0	0.7451895469299993	observed	sample_data	piecewise_constant
phosphosite	EGFR_T992	EGFR_T992	EGFR	1.0	0.7451895469299993	simulated	sample_data	piecewise_constant
phosphosite	EGFR_T992	EGFR_T992	EGFR	2.0	0.9546295291050444	observed	sample_data	piecewise_constant
phosphosite	EGFR_T992	EGFR_T992	EGFR	2.0	0.006830044198564559	simulated	sample_data	piecewise_constant
phosphosite	EGFR_T992	EGFR_T992	EGFR	3.0	0.9891056551465115	observed	sample_data	piecewise_constant
phosphosite	EGFR_T992	EGFR_T992	EGFR	3.0	0.00036756008552845477	simulated	sample_data	piecewise_constant
phosphosite	EGFR_T992	EGFR_T992	EGFR	4.0	0.956906020818271	observed	sample_data	piecewise_constant
phosphosite	EGFR_T992	EGFR_T992	EGFR	4.0	0.0004664605670631713	simulated	sample_data	piecewise_constant
phosphosite	EGFR_T992	EGFR_T992	EGFR	5.0	0.745038357570772	observed	sample_data	piecewise_constant
phosphosite	EGFR_T992	EGFR_T992	EGFR	5.0	0.0006198741300545785	simulated	sample_data	piecewise_constant
phosphosite	EGFR_T992	EGFR_T992	EGFR	6.0	0.5661518714362482	observed	sample_data	piecewise_constant
phosphosite	EGFR_T992	EGFR_T992	EGFR	6.0	0.0007710171710349068	simulated	sample_data	piecewise_constant
phosphosite	EGFR_T992	EGFR_T992	EGFR	7.0	0.9065239866172178	observed	sample_data	piecewise_constant
phosphosite	EGFR_T992	EGFR_T992	EGFR	7.0	0.0009211974982295877	simulated	sample_data	piecewise_constant
phosphosite	EGFR_T992	EGFR_T992	EGFR	8.0	0.9160481406125163	observed	sample_data	piecewise_constant
phosphosite	EGFR_T992	EGFR_T992	EGFR	8.0	0.0010720343432424832	simulated	sample_data	piecewise_constant
phosphosite	EGFR_T992	EGFR_T992	EGFR	9.0	0.48648349179106976	observed	sample_data	piecewise_constant
phosphosite	EGFR_T992	EGFR_T992	EGFR	9.0	0.0012240563300683466	simulated	sample_data	piecewise_constant
phosphosite	EGFR_T992	EGFR_T992	EGFR	10.0	0.33006428738292787	observed	sample_data	piecewise_constant
phosphosite	EGFR_T992	EGFR_T992	EGFR	10.0	0.0013766324909039412	simulated	sample_data	piecewise_constant
phosphosite	EGFR_T992	EGFR_T992	EGFR	11.0	0.09349931427652251	observed	sample_data	piecewise_constant
phosphosite	EGFR_T992	EGFR_T992	EGFR	11.0	0.001529304777270474	simulated	sample_data	piecewise_constant
phosphosite	EGFR_T992	EGFR_T992	EGFR	12.0	0.0	observed	sample_data	piecewise_constant
phosphosite	EGFR_T992	EGFR_T992	EGFR	12.0	0.0016826344219247583	simulated	sample_data	piecewise_constant
phosphosite	EGFR_T992	EGFR_T992	EGFR	13.0	0.4864303607238275	observed	sample_data	piecewise_constant
phosphosite	EGFR_T992	EGFR_T992	EGFR	13.0	0.0018374607734109533	simulated	sample_data	piecewise_constant
phosphosite	EGFR_T992	EGFR_T992	EGFR	14.0	1.0	observed	sample_data	piecewise_constant
phosphosite	EGFR_T992	EGFR_T992	EGFR	14.0	0.001996605794236355	simulated	sample_data	piecewise_constant
phosphosite	MET_Y1068	MET_Y1068	MET	1.0	0.6371550244797493	observed	sample_data	piecewise_constant
phosphosite	MET_Y1068	MET_Y1068	MET	1.0	0.6371550244797493	simulated	sample_data	piecewise_constant
phosphosite	MET_Y1068	MET_Y1068	MET	2.0	0.8072151307137506	observed	sample_data	piecewise_constant
phosphosite	MET_Y1068	MET_Y1068	MET	2.0	0.45875910078549964	simulated	sample_data	piecewise_constant
phosphosite	MET_Y1068	MET_Y1068	MET	3.0	0.7519718872654995	observed	sample_data	piecewise_constant
phosphosite	MET_Y1068	MET_Y1068	MET	3.0	0.3309022103508586	simulated	sample_data	piecewise_constant
phosphosite	MET_Y1068	MET_Y1068	MET	4.0	0.673664748832148	observed	sample_data	piecewise_constant
phosphosite	MET_Y1068	MET_Y1068	MET	4.0	0.23937247258292924	simulated	sample_data	piecewise_constant
phosphosite	MET_Y1068	MET_Y1068	MET	5.0	0.5291778990948411	observed	sample_data	piecewise_constant
phosphosite	MET_Y1068	MET_Y1068	MET	5.0	0.17395814285265748	simulated	sample_data	piecewise_constant
phosphosite	MET_Y1068	MET_Y1068	MET	6.0	0.6301487639922444	observed	sample_data	piecewise_constant
phosphosite	MET_Y1068	MET_Y1068	MET	6.0	0.12731801247336738	simulated	sample_data	piecewise_constant
phosphosite	MET_Y1068	MET_Y1068	MET	7.0	0.8098750849414811	observed	sample_data	piecewise_constant
phosphosite	MET_Y1068	MET_Y1068	MET	7.0	0.09417521496412111	simulated	sample_data	piecewise_constant
phosphosite	MET_Y1068	MET_Y1068	MET	8.0	0.7842007571051927	observed	sample_data	piecewise_constant
phosphosite	MET_Y1068	MET_Y1068	MET	8.0	0.07073797713253162	simulated	sample_data	piecewise_constant
phosphosite	MET_Y1068	MET_Y1068	MET	9.0	0.42264658907989133	observed	sample_data	piecewise_constant
phosphosite	MET_Y1068	MET_Y1068	MET	9.0	0.05428069616839464	simulated	sample_data	piecewise_constant
phosphosite	MET_Y1068	MET_Y1068	MET	10.0	0.14783776339354177	observed	sample_data	piecewise_constant
phosphosite	MET_Y1068	MET_Y1068	MET	10.0	0.042841925735852146	simulated	sample_data	piecewise_constant
phosphosite	MET_Y1068	MET_Y1068	MET	11.0	0.09716825163522858	observed	sample_data	piecewise_constant
phosphosite	MET_Y1068	MET_Y1068	MET	11.0	0.03500895807723965	simulated	sample_data	piecewise_constant
phosphosite	MET_Y1068	MET_Y1068	MET	12.0	0.0	observed	sample_data	piecewise_constant
phosphosite	MET_Y1068	MET_Y1068	MET	12.0	0.02976412261507957	simulated	sample_data	piecewise_constant
phosphosite	MET_Y1068	MET_Y1068	MET	13.0	0.4582154669422923	observed	sample_data	piecewise_constant
phosphosite	MET_Y1068	MET_Y1068	MET	13.0	0.026376920268824582	simulated	sample_data	piecewise_constant
phosphosite	MET_Y1068	MET_Y1068	MET	14.0	1.0	observed	sample_data	piecewise_constant
phosphosite	MET_Y1068	MET_Y1068	MET	14.0	0.024331475190472775	simulated	sample_data	piecewise_constant
phosphosite	MET_S1173	MET_S1173	MET	1.0	0.7539098436889644	observed	sample_data	piecewise_constant
phosphosite	MET_S1173	MET_S1173	MET	1.0	0.7539098436889644	simulated	sample_data	piecewise_constant
phosphosite	MET_S1173	MET_S1173	MET	2.0	0.7734104668067523	observed	sample_data	piecewise_constant
phosphosite	MET_S1173	MET_S1173	MET	2.0	0.7279627647335484	simulated	sample_data	piecewise_constant
phosphosite	MET_S1173	MET_S1173	MET	3.0	0.6903041103433447	observed	sample_data	piecewise_constant
phosphosite	MET_S1173	MET_S1173	MET	3.0	0.7030650936933869	simulated	sample_data	piecewise_constant
phosphosite	MET_S1173	MET_S1173	MET	4.0	0.626773494362866	observed	sample_data	piecewise_constant
phosphosite	MET_S1173	MET_S1173	MET	4.0	0.6791667661827616	simulated	sample_data	piecewise_constant
phosphosite	MET_S1173	MET_S1173	MET	5.0	0.6300948274568294	observed	sample_data	piecewise_constant
phosphosite	MET_S1173	MET_S1173	MET	5.0	0.6562255809492792	simulated	sample_data	piecewise_constant
phosphosite	MET_S1173	MET_S1173	MET	6.0	0.6277275863294812	observed	sample_data	piecewise_constant
phosphosite	MET_S1173	MET_S1173	MET	6.0	0.6342033639476675	simulated	sample_data	piecewise_constant
phosphosite	MET_S1173	MET_S1173	MET	7.0	0.8634476680709784	observed	sample_data	piecewise_constant
phosphosite	MET_S1173	MET_S1173	MET	7.0	0.6130647566135992	simulated	sample_data	piecewise_constant
phosphosite	MET_S1173	MET_S1173	MET	8.0	0.7169679110815371	observed	sample_data	piecewise_constant
phosphosite	MET_S1173	MET_S1173	MET	8.0	0.5927771322248556	simulated	sample_data	piecewise_constant
phosphosite	MET_S1173	MET_S1173	MET	9.0	0.3892528332695775	observed	sample_data	piecewise_constant
phosphosite	MET_S1173	MET_S1173	MET	9.0	0.5733099152847542	simulated	sample_data	piecewise_constant
phosphosite	MET_S1173	MET_S1173	MET	10.0	0.15059022713251224	observed	sample_data	piecewise_constant
phosphosite	MET_S1173	MET_S1173	MET	10.0	0.5546336083478655	simulated	sample_data	piecewise_constant
phosphosite	MET_S1173	MET_S1173	MET	11.0	0.0	observed	sample_data	piecewise_constant
phosphosite	MET_S1173	MET_S1173	MET	11.0	0.5367194021790892	simulated	sample_data	piecewise_constant
phosphosite	MET_S1173	MET_S1173	MET	12.0	0.08269273562170129	observed	sample_data	piecewise_constant
phosphosite	MET_S1173	MET_S1173	MET	12.0	0.5195391170488642	simulated	sample_data	piecewise_constant
phosphosite	MET_S1173	MET_S1173	MET	13.0	0.5737061486027201	observed	sample_data	piecewise_constant
phosphosite	MET_S1173	MET_S1173	MET	13.0	0.503065955246881	simulated	sample_data	piecewise_constant
phosphosite	MET_S1173	MET_S1173	MET	14.0	1.0	observed	sample_data	piecewise_constant
phosphosite	MET_S1173	MET_S1173	MET	14.0	0.48727682613123396	simulated	sample_data	piecewise_constant
phosphosite	MET_T992	MET_T992	MET	1.0	0.696141427687211	observed	sample_data	piecewise_constant
phosphosite	MET_T992	MET_T992	MET	1.0	0.696141427687211	simulated	sample_data	piecewise_constant
phosphosite	MET_T992	MET_T992	MET	2.0	0.714116255428709	observed	sample_data	piecewise_constant
phosphosite	MET_T992	MET_T992	MET	2.0	0.009361618927413875	simulated	sample_data	piecewise_constant
phosphosite	MET_T992	MET_T992	MET	3.0	0.6222808912172096	observed	sample_data	piecewise_constant
phosphosite	MET_T992	MET_T992	MET	3.0	0.0004594669793580874	simulated	sample_data	piecewise_constant
phosphosite	MET_T992	MET_T992	MET	4.0	0.6469313198452507	observed	sample_data	piecewise_constant
phosphosite	MET_T992	MET_T992	MET	4.0	0.000510138911364368	simulated	sample_data	piecewise_constant
phosphosite	MET_T992	MET_T992	MET	5.0	0.5466437306155153	observed	sample_data	piecewise_constant
phosphosite	MET_T992	MET_T992	MET	5.0	0.000671261235057484	simulated	sample_data	piecewise_constant
phosphosite	MET_T992	MET_T992	MET	6.0	0.6610541004634537	observed	sample_data	piecewise_constant
phosphosite	MET_T992	MET_T992	MET	6.0	0.0008280213737055576	simulated	sample_data	piecewise_constant
phosphosite	MET_T992	MET_T992	MET	7.0	0.7971610979894477	observed	sample_data	piecewise_constant
phosphosite	MET_T992	MET_T992	MET	7.0	0.0009809225481303271	simulated	sample_data	piecewise_constant
phosphosite	MET_T992	MET_T992	MET	8.0	0.6754403586705864	observed	sample_data	piecewise_constant
phosphosite	MET_T992	MET_T992	MET	8.0	0.0011318400584977948	simulated	sample_data	piecewise_constant
phosphosite	MET_T992	MET_T992	MET	9.0	0.3448811130765891	observed	sample_data	piecewise_constant
phosphosite	MET_T992	MET_T992	MET	9.0	0.0012813940288351252	simulated	sample_data	piecewise_constant
phosphosite	MET_T992	MET_T992	MET	10.0	0.0352710430705172	observed	sample_data	piecewise_constant
phosphosite	MET_T992	MET_T992	MET	10.0	0.0014293527954320508	simulated	sample_data	piecewise_constant
phosphosite	MET_T992	MET_T992	MET	11.0	0.0	observed	sample_data	piecewise_constant
phosphosite	MET_T992	MET_T992	MET	11.0	0.00157517352779991	simulated	sample_data	piecewise_constant
phosphosite	MET_T992	MET_T992	MET	12.0	0.1408852753646019	observed	sample_data	piecewise_constant
phosphosite	MET_T992	MET_T992	MET	12.0	0.0017185154980953357	simulated	sample_data	piecewise_constant
phosphosite	MET_T992	MET_T992	MET	13.0	0.5587901906595103	observed	sample_data	piecewise_constant
phosphosite	MET_T992	MET_T992	MET	13.0	0.0018604871863412398	simulated	sample_data	piecewise_constant
phosphosite	MET_T992	MET_T992	MET	14.0	1.0	observed	sample_data	piecewise_constant
phosphosite	MET_T992	MET_T992	MET	14.0	0.002005617877982101	simulated	sample_data	piecewise_constant
phosphosite	ERBB2_Y1068	ERBB2_Y1068	ERBB2	1.0	0.7027858838044104	observed	sample_data	piecewise_constant
phosphosite	ERBB2_Y1068	ERBB2_Y1068	ERBB2	1.0	0.7027858838044104	simulated	sample_data	piecewise_constant
phosphosite	ERBB2_Y1068	ERBB2_Y1068	ERBB2	2.0	0.669281749022285	observed	sample_data	piecewise_constant
phosphosite	ERBB2_Y1068	ERBB2_Y1068	ERBB2	2.0	0.7029374525900854	simulated	sample_data	piecewise_constant
phosphosite	ERBB2_Y1068	ERBB2_Y1068	ERBB2	3.0	0.6017391855701572	observed	sample_data	piecewise_constant
phosphosite	ERBB2_Y1068	ERBB2_Y1068	ERBB2	3.0	0.7035912618066087	simulated	sample_data	piecewise_constant
phosphosite	ERBB2_Y1068	ERBB2_Y1068	ERBB2	4.0	0.6875921288380901	observed	sample_data	piecewise_constant
phosphosite	ERBB2_Y1068	ERBB2_Y1068	ERBB2	4.0	0.7047151075204846	simulated	sample_data	piecewise_constant
phosphosite	ERBB2_Y1068	ERBB2_Y1068	ERBB2	5.0	0.6348904656283403	observed	sample_data	piecewise_constant
phosphosite	ERBB2_Y1068	ERBB2_Y1068	ERBB2	5.0	0.7062932559035875	simulated	sample_data	piecewise_constant
phosphosite	ERBB2_Y1068	ERBB2_Y1068	ERBB2	6.0	0.6766382986684414	observed	sample_data	piecewise_constant
phosphosite	ERBB2_Y1068	ERBB2_Y1068	ERBB2	6.0	0.7083175497532798	simulated	sample_data	piecewise_constant
phosphosite	ERBB2_Y1068	ERBB2_Y1068	ERBB2	7.0	0.8401738740465089	observed	sample_data	piecewise_constant
phosphosite	ERBB2_Y1068	ERBB2_Y1068	ERBB2	7.0	0.710785056441058	simulated	sample_data	piecewise_constant
phosphosite	ERBB2_Y1068	ERBB2_Y1068	ERBB2	8.0	0.6835914579208585	observed	sample_data	piecewise_constant
phosphosite	ERBB2_Y1068	ERBB2_Y1068	ERBB2	8.0	0.7136964771851536	simulated	sample_data	piecewise_constant
phosphosite	ERBB2_Y1068	ERBB2_Y1068	ERBB2	9.0	0.2908868524426172	observed	sample_data	piecewise_constant
phosphosite	ERBB2_Y1068	ERBB2_Y1068	ERBB2	9.0	0.7170552108308038	simulated	sample_data	piecewise_constant
phosphosite	ERBB2_Y1068	ERBB2_Y1068	ERBB2	10.0	0.044073784717583074	observed	sample_data	piecewise_constant
phosphosite	ERBB2_Y1068	ERBB2_Y1068	ERBB2	10.0	0.7208665609877364	simulated	sample_data	piecewise_constant
phosphosite	ERBB2_Y1068	ERBB2_Y1068	ERBB2	11.0	0.0	observed	sample_data	piecewise_constant
phosphosite	ERBB2_Y1068	ERBB2_Y1068	ERBB2	11.0	0.7251370413409918	simulated	sample_data	piecewise_constant
phosphosite	ERBB2_Y1068	ERBB2_Y1068	ERBB2	12.0	0.13420038176191862	observed	sample_data	piecewise_constant
phosphosite	ERBB2_Y1068	ERBB2_Y1068	ERBB2	12.0	0.7298735044544638	simulated	sample_data	piecewise_constant
phosphosite	ERBB2_Y1068	ERBB2_Y1068	ERBB2	13.0	0.5323086047212705	observed	sample_data	piecewise_constant
phosphosite	ERBB2_Y1068	ERBB2_Y1068	ERBB2	13.0	0.7350824106040627	simulated	sample_data	piecewise_constant
phosphosite	ERBB2_Y1068	ERBB2_Y1068	ERBB2	14.0	1.0	observed	sample_data	piecewise_constant
phosphosite	ERBB2_Y1068	ERBB2_Y1068	ERBB2	14.0	0.7407697233833752	simulated	sample_data	piecewise_constant
phosphosite	ERBB2_S1173	ERBB2_S1173	ERBB2	1.0	0.5478333772744073	observed	sample_data	piecewise_constant
phosphosite	ERBB2_S1173	ERBB2_S1173	ERBB2	1.0	0.5478333772744073	simulated	sample_data	piecewise_constant
phosphosite	ERBB2_S1173	ERBB2_S1173	ERBB2	2.0	0.5243543976909865	observed	sample_data	piecewise_constant
phosphosite	ERBB2_S1173	ERBB2_S1173	ERBB2	2.0	0.548210736834663	simulated	sample_data	piecewise_constant
phosphosite	ERBB2_S1173	ERBB2_S1173	ERBB2	3.0	0.4928273889512419	observed	sample_data	piecewise_constant
phosphosite	ERBB2_S1173	ERBB2_S1173	ERBB2	3.0	0.5493736301311845	simulated	sample_data	piecewise_constant
phosphosite	ERBB2_S1173	ERBB2_S1173	ERBB2	4.0	0.6511209476293617	observed	sample_data	piecewise_constant
phosphosite	ERBB2_S1173	ERBB2_S1173	ERBB2	4.0	0.5512730130058797	simulated	sample_data	piecewise_constant
phosphosite	ERBB2_S1173	ERBB2_S1173	ERBB2	5.0	0.6425624604766413	observed	sample_data	piecewise_constant
phosphosite	ERBB2_S1173	ERBB2_S1173	ERBB2	5.0	0.5538843926354183	simulated	sample_data	piecewise_constant
phosphosite	ERBB2_S1173	ERBB2_S1173	ERBB2	6.0	0.699765199163938	observed	sample_data	piecewise_constant
phosphosite	ERBB2_S1173	ERBB2_S1173	ERBB2	6.0	0.5571947440524945	simulated	sample_data	piecewise_constant
phosphosite	ERBB2_S1173	ERBB2_S1173	ERBB2	7.0	0.7371639813860468	observed	sample_data	piecewise_constant
phosphosite	ERBB2_S1173	ERBB2_S1173	ERBB2	7.0	0.5611993423498708	simulated	sample_data	piecewise_constant
phosphosite	ERBB2_S1173	ERBB2_S1173	ERBB2	8.0	0.5340570672990742	observed	sample_data	piecewise_constant
phosphosite	ERBB2_S1173	ERBB2_S1173	ERBB2	8.0	0.5658991851617344	simulated	sample_data	piecewise_constant
phosphosite	ERBB2_S1173	ERBB2_S1173	ERBB2	9.0	0.09141453890447093	observed	sample_data	piecewise_constant
phosphosite	ERBB2_S1173	ERBB2_S1173	ERBB2	9.0	0.571299435462587	simulated	sample_data	piecewise_constant
phosphosite	ERBB2_S1173	ERBB2_S1173	ERBB2	10.0	0.0	observed	sample_data	piecewise_constant
phosphosite	ERBB2_S1173	ERBB2_S1173	ERBB2	10.0	0.5774081636377966	simulated	sample_data	piecewise_constant
phosphosite	ERBB2_S1173	ERBB2_S1173	ERBB2	11.0	0.07548050648118843	observed	sample_data	piecewise_constant
phosphosite	ERBB2_S1173	ERBB2_S1173	ERBB2	11.0	0.5842352675790539	simulated	sample_data	piecewise_constant
phosphosite	ERBB2_S1173	ERBB2_S1173	ERBB2	12.0	0.25848370315607994	observed	sample_data	piecewise_constant
phosphosite	ERBB2_S1173	ERBB2_S1173	ERBB2	12.0	0.5917911734089096	simulated	sample_data	piecewise_constant
phosphosite	ERBB2_S1173	ERBB2_S1173	ERBB2	13.0	0.6858968868239923	observed	sample_data	piecewise_constant
phosphosite	ERBB2_S1173	ERBB2_S1173	ERBB2	13.0	0.6000857462531303	simulated	sample_data	piecewise_constant
phosphosite	ERBB2_S1173	ERBB2_S1173	ERBB2	14.0	1.0	observed	sample_data	piecewise_constant
phosphosite	ERBB2_S1173	ERBB2_S1173	ERBB2	14.0	0.6091280989004254	simulated	sample_data	piecewise_constant
phosphosite	ERBB2_T992	ERBB2_T992	ERBB2	1.0	0.5767708058389899	observed	sample_data	piecewise_constant
phosphosite	ERBB2_T992	ERBB2_T992	ERBB2	1.0	0.5767708058389899	simulated	sample_data	piecewise_constant
phosphosite	ERBB2_T992	ERBB2_T992	ERBB2	2.0	0.5747230670868042	observed	sample_data	piecewise_constant
phosphosite	ERBB2_T992	ERBB2_T992	ERBB2	2.0	0.559603682710619	simulated	sample_data	piecewise_constant
phosphosite	ERBB2_T992	ERBB2_T992	ERBB2	3.0	0.5259776248840159	observed	sample_data	piecewise_constant
phosphosite	ERBB2_T992	ERBB2_T992	ERBB2	3.0	0.5437333385436056	simulated	sample_data	piecewise_constant
phosphosite	ERBB2_T992	ERBB2_T992	ERBB2	4.0	0.8598465093673955	observed	sample_data	piecewise_constant
phosphosite	ERBB2_T992	ERBB2_T992	ERBB2	4.0	0.5290721056246918	simulated	sample_data	piecewise_constant
phosphosite	ERBB2_T992	ERBB2_T992	ERBB2	5.0	0.8197730954975206	observed	sample_data	piecewise_constant
phosphosite	ERBB2_T992	ERBB2_T992	ERBB2	5.0	0.5155590977190669	simulated	sample_data	piecewise_constant
phosphosite	ERBB2_T992	ERBB2_T992	ERBB2	6.0	0.7852680919304555	observed	sample_data	piecewise_constant
phosphosite	ERBB2_T992	ERBB2_T992	ERBB2	6.0	0.5031465627548589	simulated	sample_data	piecewise_constant
phosphosite	ERBB2_T992	ERBB2_T992	ERBB2	7.0	0.8205519533883465	observed	sample_data	piecewise_constant
phosphosite	ERBB2_T992	ERBB2_T992	ERBB2	7.0	0.49179636976009006	simulated	sample_data	piecewise_constant
phosphosite	ERBB2_T992	ERBB2_T992	ERBB2	8.0	0.53479081897223	observed	sample_data	piecewise_constant
phosphosite	ERBB2_T992	ERBB2_T992	ERBB2	8.0	0.4814771798754693	simulated	sample_data	piecewise_constant
phosphosite	ERBB2_T992	ERBB2_T992	ERBB2	9.0	0.10436739191793543	observed	sample_data	piecewise_constant
phosphosite	ERBB2_T992	ERBB2_T992	ERBB2	9.0	0.4721627081244096	simulated	sample_data	piecewise_constant
phosphosite	ERBB2_T992	ERBB2_T992	ERBB2	10.0	0.0	observed	sample_data	piecewise_constant
phosphosite	ERBB2_T992	ERBB2_T992	ERBB2	10.0	0.4638303314588266	simulated	sample_data	piecewise_constant
phosphosite	ERBB2_T992	ERBB2_T992	ERBB2	11.0	0.19864678522257848	observed	sample_data	piecewise_constant
phosphosite	ERBB2_T992	ERBB2_T992	ERBB2	11.0	0.45645991383825235	simulated	sample_data	piecewise_constant
phosphosite	ERBB2_T992	ERBB2_T992	ERBB2	12.0	0.2405181830467994	observed	sample_data	piecewise_constant
phosphosite	ERBB2_T992	ERBB2_T992	ERBB2	12.0	0.45003245075032605	simulated	sample_data	piecewise_constant
phosphosite	ERBB2_T992	ERBB2_T992	ERBB2	13.0	0.6144901047295157	observed	sample_data	piecewise_constant
phosphosite	ERBB2_T992	ERBB2_T992	ERBB2	13.0	0.4445289636653967	simulated	sample_data	piecewise_constant
phosphosite	ERBB2_T992	ERBB2_T992	ERBB2	14.0	1.0	observed	sample_data	piecewise_constant
phosphosite	ERBB2_T992	ERBB2_T992	ERBB2	14.0	0.4399303138912319	simulated	sample_data	piecewise_constant
protein	EGFR		EGFR	1.0	0.2378578559171371	observed	sample_data	piecewise_constant
protein	EGFR		EGFR	1.0	0.2378578559171371	simulated	sample_data	piecewise_constant
protein	EGFR		EGFR	2.0	0.661244250616515	observed	sample_data	piecewise_constant
protein	EGFR		EGFR	2.0	0.43813230037563694	simulated	sample_data	piecewise_constant
protein	EGFR		EGFR	3.0	0.5611861899838385	observed	sample_data	piecewise_constant
protein	EGFR		EGFR	3.0	0.6063437780445462	simulated	sample_data	piecewise_constant
protein	EGFR		EGFR	4.0	0.2562492449486055	observed	sample_data	piecewise_constant
protein	EGFR		EGFR	4.0	0.7481074676892849	simulated	sample_data	piecewise_constant
protein	EGFR		EGFR	5.0	0.21759258993016348	observed	sample_data	piecewise_constant
protein	EGFR		EGFR	5.0	0.8743971015665836	simulated	sample_data	piecewise_constant
protein	EGFR		EGFR	6.0	0.0	observed	sample_data	piecewise_constant
protein	EGFR		EGFR	6.0	0.9870066055467299	simulated	sample_data	piecewise_constant
protein	EGFR		EGFR	7.0	0.2969259246476622	observed	sample_data	piecewise_constant
protein	EGFR		EGFR	7.0	1.0933699696411832	simulated	sample_data	piecewise_constant
protein	EGFR		EGFR	8.0	0.6790039885237533	observed	sample_data	piecewise_constant
protein	EGFR		EGFR	8.0	1.2001192394256404	simulated	sample_data	piecewise_constant
protein	EGFR		EGFR	9.0	1.0	observed	sample_data	piecewise_constant
protein	EGFR		EGFR	9.0	1.3029402253272797	simulated	sample_data	piecewise_constant
protein	EGFR		EGFR	10.0	0.7002692432471076	observed	sample_data	piecewise_constant
protein	EGFR		EGFR	10.0	1.3929503848508278	simulated	sample_data	piecewise_constant
protein	EGFR		EGFR	11.0	0.3419419298823299	observed	sample_data	piecewise_constant
protein	EGFR		EGFR	11.0	1.470496010364412	simulated	sample_data	piecewise_constant
protein	EGFR		EGFR	12.0	0.19031632014311256	observed	sample_data	piecewise_constant
protein	EGFR		EGFR	12.0	1.544059030243607	simulated	sample_data	piecewise_constant
protein	EGFR		EGFR	13.0	0.34315815699092017	observed	sample_data	piecewise_constant
protein	EGFR		EGFR	13.0	1.6199214608260215	simulated	sample_data	piecewise_constant
protein	EGFR		EGFR	14.0	0.49302601143619357	observed	sample_data	piecewise_constant
protein	EGFR		EGFR	14.0	1.7165884313937512	simulated	sample_data	piecewise_constant
protein	ERBB2		ERBB2	1.0	0.1856646668655066	observed	sample_data	piecewise_constant
protein	ERBB2		ERBB2	1.0	0.1856646668655066	simulated	sample_data	piecewise_constant
protein	ERBB2		ERBB2	2.0	0.022437436636802324	observed	sample_data	piecewise_constant
protein	ERBB2		ERBB2	2.0	0.3135168852310989	simulated	sample_data	piecewise_constant
protein	ERBB2		ERBB2	3.0	0.0	observed	sample_data	piecewise_constant
protein	ERBB2		ERBB2	3.0	0.42753740373610066	simulated	sample_data	piecewise_constant
protein	ERBB2		ERBB2	4.0	0.254910914831468	observed	sample_data	piecewise_constant
protein	ERBB2		ERBB2	4.0	0.5369389022325208	simulated	sample_data	piecewise_constant
protein	ERBB2		ERBB2	5.0	0.5812882890015356	observed	sample_data	piecewise_constant
protein	ERBB2		ERBB2	5.0	0.6471628377155103	simulated	sample_data	piecewise_constant
protein	ERBB2		ERBB2	6.0	0.7651631886902314	observed	sample_data	piecewise_constant
protein	ERBB2		ERBB2	6.0	0.7573952489927439	simulated	sample_data	piecewise_constant
protein	ERBB2		ERBB2	7.0	0.6111751557166246	observed	sample_data	piecewise_constant
protein	ERBB2		ERBB2	7.0	0.8647526953555975	simulated	sample_data	piecewise_constant
protein	ERBB2		ERBB2	8.0	0.3576616555654094	observed	sample_data	piecewise_constant
protein	ERBB2		ERBB2	8.0	0.9692414035733059	simulated	sample_data	piecewise_constant
protein	ERBB2		ERBB2	9.0	0.2857137181875109	observed	sample_data	piecewise_constant
protein	ERBB2		ERBB2	9.0	1.0723365726204026	simulated	sample_data	piecewise_constant
protein	ERBB2		ERBB2	10.0	0.3471331424230897	observed	sample_data	piecewise_constant
protein	ERBB2		ERBB2	10.0	1.1756871753496976	simulated	sample_data	piecewise_constant
protein	ERBB2		ERBB2	11.0	0.702651639108964	observed	sample_data	piecewise_constant
protein	ERBB2		ERBB2	11.0	1.2802275395213158	simulated	sample_data	piecewise_constant
protein	ERBB2		ERBB2	12.0	0.9770530470607108	observed	sample_data	piecewise_constant
protein	ERBB2		ERBB2	12.0	1.3854353083430235	simulated	sample_data	piecewise_constant
protein	ERBB2		ERBB2	13.0	1.0	observed	sample_data	piecewise_constant
protein	ERBB2		ERBB2	13.0	1.4899327773532205	simulated	sample_data	piecewise_constant
protein	ERBB2		ERBB2	14.0	0.7397467299978183	observed	sample_data	piecewise_constant
protein	ERBB2		ERBB2	14.0	1.593083942350209	simulated	sample_data	piecewise_constant
protein	MET		MET	1.0	0.5995255203743998	observed	sample_data	piecewise_constant
protein	MET		MET	1.0	0.5995255203743998	simulated	sample_data	piecewise_constant
protein	MET		MET	2.0	0.41224325165803677	observed	sample_data	piecewise_constant
protein	MET		MET	2.0	0.7130356039229535	simulated	sample_data	piecewise_constant
protein	MET		MET	3.0	0.16762862354288494	observed	sample_data	piecewise_constant
protein	MET		MET	3.0	0.7782594118289532	simulated	sample_data	piecewise_constant
protein	MET		MET	4.0	0.0	observed	sample_data	piecewise_constant
protein	MET		MET	4.0	0.8141012207281911	simulated	sample_data	piecewise_constant
protein	MET		MET	5.0	0.15034435051476344	observed	sample_data	piecewise_constant
protein	MET		MET	5.0	0.8363927685136556	simulated	sample_data	piecewise_constant
protein	MET		MET	6.0	0.40293893080957044	observed	sample_data	piecewise_constant
protein	MET		MET	6.0	0.8472799249688244	simulated	sample_data	piecewise_constant
protein	MET		MET	7.0	0.6624193988482987	observed	sample_data	piecewise_constant
protein	MET		MET	7.0	0.8521588670052834	simulated	sample_data	piecewise_constant
protein	MET		MET	8.0	0.7878258411967196	observed	sample_data	piecewise_constant
protein	MET		MET	8.0	0.8585170392913151	simulated	sample_data	piecewise_constant
protein	MET		MET	9.0	0.5848028151283238	observed	sample_data	piecewise_constant
protein	MET		MET	9.0	0.8613172292932236	simulated	sample_data	piecewise_constant
protein	MET		MET	10.0	0.30744342972495536	observed	sample_data	piecewise_constant
protein	MET		MET	10.0	0.8557824851026447	simulated	sample_data	piecewise_constant
protein	MET		MET	11.0	0.3083863942979257	observed	sample_data	piecewise_constant
protein	MET		MET	11.0	0.8393201459921463	simulated	sample_data	piecewise_constant
protein	MET		MET	12.0	0.5005705931524387	observed	sample_data	piecewise_constant
protein	MET		MET	12.0	0.8128117801793743	simulated	sample_data	piecewise_constant
protein	MET		MET	13.0	0.8966486484986312	observed	sample_data	piecewise_constant
protein	MET		MET	13.0	0.7872558737956894	simulated	sample_data	piecewise_constant
protein	MET		MET	14.0	1.0	observed	sample_data	piecewise_constant
protein	MET		MET	14.0	0.7906504802958125	simulated	sample_data	piecewise_constant
